grant date,average yoy,average since grant
2012-01-03,32,111
2012-01-04,32,112
2012-01-05,31,113
2012-01-06,31,107
2012-01-07,30,110
2012-01-08,29,109
2012-01-09,31,111
2012-01-10,32,109
2012-01-11,34,113
2012-01-12,34,118
2012-01-13,32,112
2012-01-14,33,111
2012-01-15,32,108
2012-01-16,33,109
2012-01-17,33,110
2012-01-18,33,103
2012-01-19,32,98
2012-01-20,32,101
2012-01-21,32,107
2012-01-22,31,109
2012-01-23,31,108
2012-01-24,33,110
2012-01-25,31,108
2012-01-26,32,102
2012-01-27,31,98
2012-01-28,33,105
2012-01-29,31,100
2012-01-30,26,105
2012-01-31,25,99
2012-02-01,27,114
2012-02-02,26,110
2012-02-03,25,101
2012-02-04,25,107
2012-02-05,23,105
2012-02-06,22,104
2012-02-07,22,102
2012-02-08,22,101
2012-02-09,22,101
2012-02-10,22,101
2012-02-11,22,96
2012-02-12,22,96
2012-02-13,22,100
2012-02-14,22,100
2012-02-15,23,106
2012-02-16,24,112
2012-02-17,24,110
2012-02-18,24,109
2012-02-19,24,110
2012-02-20,24,111
2012-02-21,23,108
2012-02-22,22,108
2012-02-23,23,110
2012-02-24,23,109
2012-02-25,22,111
2012-02-26,24,115
2012-02-27,24,115
2012-02-28,23,110
2012-02-29,23,114
2012-03-01,24,115
2012-03-02,24,118
2012-03-03,24,116
2012-03-04,24,116
2012-03-05,24,118
2012-03-06,24,116
2012-03-07,24,113
2012-03-08,24,108
2012-03-09,24,111
2012-03-10,25,112
2012-03-11,26,113
2012-03-12,25,113
2012-03-13,24,111
2012-03-14,25,113
2012-03-15,25,111
2012-03-16,25,110
2012-03-17,26,110
2012-03-18,26,111
2012-03-19,27,111
2012-03-20,25,104
2012-03-21,26,103
2012-03-22,26,101
2012-03-23,26,99
2012-03-24,26,93
2012-03-25,25,91
2012-03-26,25,89
2012-03-27,24,87
2012-03-28,24,91
2012-03-29,24,88
2012-03-30,25,91
2012-03-31,26,95
2012-04-01,26,97
2012-04-02,26,97
2012-04-03,27,96
2012-04-04,28,101
2012-04-05,28,99
2012-04-06,28,102
2012-04-07,28,101
2012-04-08,27,102
2012-04-09,26,102
2012-04-10,27,108
2012-04-11,27,107
2012-04-12,27,105
2012-04-13,28,108
2012-04-14,28,112
2012-04-15,29,113
2012-04-16,29,115
2012-04-17,30,111
2012-04-18,30,111
2012-04-19,29,110
2012-04-20,29,111
2012-04-21,29,113
2012-04-22,29,113
2012-04-23,29,114
2012-04-24,26,118
2012-04-25,29,113
2012-04-26,30,109
2012-04-27,28,79
2012-04-28,28,75
2012-04-29,30,80
2012-04-30,31,81
2012-05-01,31,83
2012-05-02,31,83
2012-05-03,30,83
2012-05-04,31,88
2012-05-05,31,87
2012-05-06,32,87
2012-05-07,31,87
2012-05-08,32,89
2012-05-09,32,90
2012-05-10,32,90
2012-05-11,32,91
2012-05-12,33,94
2012-05-13,32,93
2012-05-14,33,95
2012-05-15,34,93
2012-05-16,34,93
2012-05-17,33,97
2012-05-18,35,103
2012-05-19,34,98
2012-05-20,34,100
2012-05-21,34,101
2012-05-22,35,104
2012-05-23,35,102
2012-05-24,36,104
2012-05-25,36,107
2012-05-26,36,106
2012-05-27,36,107
2012-05-28,36,107
2012-05-29,35,106
2012-05-30,36,112
2012-05-31,36,108
2012-06-01,37,114
2012-06-02,36,108
2012-06-03,35,106
2012-06-04,36,106
2012-06-05,35,108
2012-06-06,34,104
2012-06-07,33,103
2012-06-08,33,104
2012-06-09,33,106
2012-06-10,32,105
2012-06-11,31,103
2012-06-12,33,103
2012-06-13,33,105
2012-06-14,33,106
2012-06-15,33,102
2012-06-16,32,99
2012-06-17,32,98
2012-06-18,31,100
2012-06-19,32,98
2012-06-20,33,99
2012-06-21,33,102
2012-06-22,33,100
2012-06-23,33,103
2012-06-24,32,101
2012-06-25,33,102
2012-06-26,32,97
2012-06-27,32,96
2012-06-28,33,101
2012-06-29,33,97
2012-06-30,32,96
2012-07-01,31,94
2012-07-02,31,94
2012-07-03,30,94
2012-07-04,30,95
2012-07-05,30,95
2012-07-06,30,98
2012-07-07,29,96
2012-07-08,31,96
2012-07-09,31,98
2012-07-10,30,103
2012-07-11,28,106
2012-07-12,27,110
2012-07-13,26,104
2012-07-14,26,108
2012-07-15,25,105
2012-07-16,25,107
2012-07-17,25,107
2012-07-18,25,107
2012-07-19,24,99
2012-07-20,24,98
2012-07-21,25,100
2012-07-22,26,102
2012-07-23,26,101
2012-07-24,24,106
2012-07-25,26,110
2012-07-26,26,107
2012-07-27,24,90
2012-07-28,26,95
2012-07-29,25,93
2012-07-30,27,97
2012-07-31,27,96
2012-08-01,27,97
2012-08-02,25,96
2012-08-03,24,91
2012-08-04,25,92
2012-08-05,25,91
2012-08-06,25,90
2012-08-07,25,88
2012-08-08,25,90
2012-08-09,25,90
2012-08-10,25,92
2012-08-11,26,93
2012-08-12,25,93
2012-08-13,25,95
2012-08-14,25,94
2012-08-15,24,90
2012-08-16,24,87
2012-08-17,24,88
2012-08-18,24,88
2012-08-19,24,88
2012-08-20,26,89
2012-08-21,26,88
2012-08-22,27,84
2012-08-23,27,85
2012-08-24,27,81
2012-08-25,28,84
2012-08-26,26,87
2012-08-27,26,87
2012-08-28,26,86
2012-08-29,26,85
2012-08-30,26,85
2012-08-31,25,84
2012-09-01,27,85
2012-09-02,26,86
2012-09-03,27,86
2012-09-04,26,87
2012-09-05,26,89
2012-09-06,26,85
2012-09-07,25,79
2012-09-08,25,80
2012-09-09,25,78
2012-09-10,24,79
2012-09-11,24,80
2012-09-12,25,81
2012-09-13,25,76
2012-09-14,25,76
2012-09-15,26,79
2012-09-16,26,80
2012-09-17,25,79
2012-09-18,24,79
2012-09-19,23,78
2012-09-20,24,79
2012-09-21,24,81
2012-09-22,24,83
2012-09-23,25,83
2012-09-24,25,84
2012-09-25,25,84
2012-09-26,25,85
2012-09-27,25,80
2012-09-28,26,83
2012-09-29,27,85
2012-09-30,27,86
2012-10-01,27,87
2012-10-02,26,89
2012-10-03,25,85
2012-10-04,24,81
2012-10-05,25,82
2012-10-06,25,82
2012-10-07,25,81
2012-10-08,26,82
2012-10-09,27,88
2012-10-10,27,92
2012-10-11,27,92
2012-10-12,27,94
2012-10-13,27,93
2012-10-14,27,93
2012-10-15,27,93
2012-10-16,28,95
2012-10-17,27,92
2012-10-18,27,97
2012-10-19,28,100
2012-10-20,28,105
2012-10-21,28,105
2012-10-22,28,106
2012-10-23,30,106
2012-10-24,34,117
2012-10-25,31,122
2012-10-26,29,106
2012-10-27,29,105
2012-10-28,27,102
2012-10-29,29,107
2012-10-30,29,109
2012-10-31,28,114
2012-11-01,29,114
2012-11-02,28,113
2012-11-03,28,111
2012-11-04,28,111
2012-11-05,29,112
2012-11-06,28,109
2012-11-07,29,114
2012-11-08,29,119
2012-11-09,29,120
2012-11-10,29,120
2012-11-11,28,122
2012-11-12,28,120
2012-11-13,27,119
2012-11-14,26,124
2012-11-15,27,127
2012-11-16,27,123
2012-11-17,26,118
2012-11-18,26,119
2012-11-19,26,120
2012-11-20,25,118
2012-11-21,25,115
2012-11-22,25,114
2012-11-23,25,114
2012-11-24,24,111
2012-11-25,25,111
2012-11-26,24,111
2012-11-27,24,112
2012-11-28,24,109
2012-11-29,25,105
2012-11-30,25,104
2012-12-01,24,105
2012-12-02,25,105
2012-12-03,26,105
2012-12-04,26,103
2012-12-05,27,102
2012-12-06,28,103
2012-12-07,28,103
2012-12-08,28,108
2012-12-09,27,108
2012-12-10,28,107
2012-12-11,28,103
2012-12-12,27,103
2012-12-13,28,103
2012-12-14,28,105
2012-12-15,27,101
2012-12-16,29,102
2012-12-17,28,101
2012-12-18,29,98
2012-12-19,28,99
2012-12-20,27,97
2012-12-21,28,101
2012-12-22,27,99
2012-12-23,28,100
2012-12-24,28,98
2012-12-25,28,107
2012-12-26,28,107
2012-12-27,27,107
2012-12-28,27,110
2012-12-29,27,106
2012-12-30,27,105
2012-12-31,27,105
2013-01-01,28,99
2013-01-02,28,99
2013-01-03,28,98
2013-01-04,28,97
2013-01-05,28,91
2013-01-06,30,92
2013-01-07,29,92
2013-01-08,29,93
2013-01-09,30,94
2013-01-10,31,95
2013-01-11,32,94
2013-01-12,32,92
2013-01-13,32,90
2013-01-14,33,91
2013-01-15,34,89
2013-01-16,34,93
2013-01-17,34,92
2013-01-18,34,92
2013-01-19,35,92
2013-01-20,35,92
2013-01-21,34,93
2013-01-22,32,96
2013-01-23,31,97
2013-01-24,34,95
2013-01-25,32,87
2013-01-26,32,92
2013-01-27,33,91
2013-01-28,33,94
2013-01-29,34,104
2013-01-30,29,98
2013-01-31,29,101
2013-02-01,29,100
2013-02-02,31,103
2013-02-03,30,100
2013-02-04,30,101
2013-02-05,31,95
2013-02-06,31,98
2013-02-07,31,99
2013-02-08,32,98
2013-02-09,33,102
2013-02-10,32,103
2013-02-11,32,105
2013-02-12,32,103
2013-02-13,30,97
2013-02-14,31,97
2013-02-15,32,101
2013-02-16,32,100
2013-02-17,31,101
2013-02-18,32,101
2013-02-19,31,98
2013-02-20,29,101
2013-02-21,28,100
2013-02-22,27,99
2013-02-23,28,103
2013-02-24,27,102
2013-02-25,27,103
2013-02-26,29,107
2013-02-27,30,104
2013-02-28,29,104
2013-03-01,28,103
2013-03-02,28,98
2013-03-03,28,98
2013-03-04,28,98
2013-03-05,28,98
2013-03-06,29,98
2013-03-07,29,98
2013-03-08,29,98
2013-03-09,28,98
2013-03-10,29,98
2013-03-11,30,99
2013-03-12,28,97
2013-03-13,28,96
2013-03-14,28,103
2013-03-15,29,107
2013-03-16,30,111
2013-03-17,31,110
2013-03-18,31,110
2013-03-19,32,112
2013-03-20,31,111
2013-03-21,32,113
2013-03-22,31,110
2013-03-23,31,112
2013-03-24,31,112
2013-03-25,30,111
2013-03-26,30,106
2013-03-27,30,103
2013-03-28,30,103
2013-03-29,30,105
2013-03-30,31,110
2013-03-31,31,110
2013-04-01,31,111
2013-04-02,32,110
2013-04-03,33,115
2013-04-04,33,115
2013-04-05,34,118
2013-04-06,33,114
2013-04-07,33,113
2013-04-08,33,115
2013-04-09,32,114
2013-04-10,33,110
2013-04-11,32,105
2013-04-12,31,103
2013-04-13,31,107
2013-04-14,31,108
2013-04-15,31,108
2013-04-16,30,106
2013-04-17,31,109
2013-04-18,31,117
2013-04-19,31,116
2013-04-20,30,113
2013-04-21,30,113
2013-04-22,31,114
2013-04-23,31,111
2013-04-24,28,115
2013-04-25,30,108
2013-04-26,32,123
2013-04-27,32,127
2013-04-28,32,125
2013-04-29,32,131
2013-04-30,31,129
2013-05-01,32,134
2013-05-02,31,129
2013-05-03,30,123
2013-05-04,31,125
2013-05-05,32,126
2013-05-06,33,127
2013-05-07,32,126
2013-05-08,33,126
2013-05-09,32,124
2013-05-10,30,121
2013-05-11,31,122
2013-05-12,30,121
2013-05-13,30,120
2013-05-14,30,117
2013-05-15,31,119
2013-05-16,32,122
2013-05-17,31,116
2013-05-18,32,120
2013-05-19,33,121
2013-05-20,33,122
2013-05-21,33,122
2013-05-22,34,128
2013-05-23,33,129
2013-05-24,33,129
2013-05-25,33,126
2013-05-26,33,125
2013-05-27,33,126
2013-05-28,33,125
2013-05-29,32,126
2013-05-30,31,125
2013-05-31,31,122
2013-06-01,32,125
2013-06-02,32,125
2013-06-03,31,126
2013-06-04,32,127
2013-06-05,31,126
2013-06-06,31,125
2013-06-07,30,118
2013-06-08,30,115
2013-06-09,29,113
2013-06-10,28,112
2013-06-11,28,116
2013-06-12,29,118
2013-06-13,30,116
2013-06-14,30,117
2013-06-15,29,113
2013-06-16,29,115
2013-06-17,30,115
2013-06-18,28,113
2013-06-19,29,115
2013-06-20,30,119
2013-06-21,30,120
2013-06-22,30,122
2013-06-23,29,123
2013-06-24,30,121
2013-06-25,30,120
2013-06-26,30,116
2013-06-27,30,115
2013-06-28,30,116
2013-06-29,30,113
2013-06-30,29,112
2013-07-01,27,110
2013-07-02,27,109
2013-07-03,26,109
2013-07-04,27,109
2013-07-05,27,109
2013-07-06,26,106
2013-07-07,26,105
2013-07-08,27,106
2013-07-09,26,107
2013-07-10,26,106
2013-07-11,24,102
2013-07-12,24,99
2013-07-13,23,97
2013-07-14,22,98
2013-07-15,22,97
2013-07-16,22,97
2013-07-17,21,96
2013-07-18,21,100
2013-07-19,21,100
2013-07-20,21,102
2013-07-21,22,102
2013-07-22,23,105
2013-07-23,24,106
2013-07-24,22,110
2013-07-25,24,106
2013-07-26,24,101
2013-07-27,24,103
2013-07-28,24,104
2013-07-29,23,101
2013-07-30,24,106
2013-07-31,25,107
2013-08-01,26,104
2013-08-02,25,104
2013-08-03,24,103
2013-08-04,24,104
2013-08-05,23,103
2013-08-06,23,102
2013-08-07,23,105
2013-08-08,23,106
2013-08-09,23,105
2013-08-10,23,105
2013-08-11,23,107
2013-08-12,24,108
2013-08-13,23,111
2013-08-14,23,113
2013-08-15,23,117
2013-08-16,24,118
2013-08-17,23,117
2013-08-18,23,117
2013-08-19,24,117
2013-08-20,25,117
2013-08-21,26,117
2013-08-22,27,112
2013-08-23,27,111
2013-08-24,27,113
2013-08-25,27,114
2013-08-26,25,116
2013-08-27,24,121
2013-08-28,24,121
2013-08-29,25,119
2013-08-30,25,122
2013-08-31,25,117
2013-09-01,26,117
2013-09-02,25,117
2013-09-03,25,118
2013-09-04,25,114
2013-09-05,24,114
2013-09-06,24,112
2013-09-07,24,110
2013-09-08,23,109
2013-09-09,25,108
2013-09-10,24,108
2013-09-11,24,109
2013-09-12,25,110
2013-09-13,26,111
2013-09-14,26,112
2013-09-15,26,112
2013-09-16,25,112
2013-09-17,24,106
2013-09-18,23,101
2013-09-19,23,101
2013-09-20,23,99
2013-09-21,23,101
2013-09-22,23,102
2013-09-23,23,101
2013-09-24,23,100
2013-09-25,23,100
2013-09-26,24,95
2013-09-27,24,98
2013-09-28,24,102
2013-09-29,25,103
2013-09-30,25,104
2013-10-01,25,100
2013-10-02,24,100
2013-10-03,24,105
2013-10-04,24,103
2013-10-05,25,110
2013-10-06,25,110
2013-10-07,25,109
2013-10-08,26,115
2013-10-09,27,119
2013-10-10,26,114
2013-10-11,27,109
2013-10-12,27,110
2013-10-13,27,110
2013-10-14,28,111
2013-10-15,28,114
2013-10-16,28,112
2013-10-17,28,111
2013-10-18,27,100
2013-10-19,27,101
2013-10-20,27,100
2013-10-21,26,100
2013-10-22,25,97
2013-10-23,28,101
2013-10-24,31,101
2013-10-25,28,84
2013-10-26,28,86
2013-10-27,31,91
2013-10-28,31,89
2013-10-29,33,91
2013-10-30,32,93
2013-10-31,31,91
2013-11-01,32,94
2013-11-02,32,93
2013-11-03,32,92
2013-11-04,32,93
2013-11-05,32,93
2013-11-06,33,96
2013-11-07,33,104
2013-11-08,33,101
2013-11-09,33,98
2013-11-10,34,98
2013-11-11,34,99
2013-11-12,35,101
2013-11-13,34,96
2013-11-14,32,91
2013-11-15,32,90
2013-11-16,32,93
2013-11-17,31,91
2013-11-18,31,93
2013-11-19,30,94
2013-11-20,30,97
2013-11-21,30,94
2013-11-22,29,93
2013-11-23,30,92
2013-11-24,30,92
2013-11-25,31,93
2013-11-26,31,91
2013-11-27,31,88
2013-11-28,31,88
2013-11-29,32,87
2013-11-30,32,84
2013-12-01,32,84
2013-12-02,32,83
2013-12-03,33,87
2013-12-04,33,86
2013-12-05,33,87
2013-12-06,34,86
2013-12-07,34,87
2013-12-08,34,88
2013-12-09,33,87
2013-12-10,34,84
2013-12-11,34,86
2013-12-12,34,87
2013-12-13,33,86
2013-12-14,33,84
2013-12-15,33,83
2013-12-16,36,85
2013-12-17,35,86
2013-12-18,36,82
2013-12-19,35,82
2013-12-20,34,79
2013-12-21,34,79
2013-12-22,34,79
2013-12-23,35,80
2013-12-24,34,80
2013-12-25,33,78
2013-12-26,33,78
2013-12-27,32,80
2013-12-28,33,84
2013-12-29,33,83
2013-12-30,34,83
2013-12-31,34,80
2014-01-01,34,80
2014-01-02,35,80
2014-01-03,36,81
2014-01-04,36,82
2014-01-05,35,84
2014-01-06,36,85
2014-01-07,36,83
2014-01-08,36,82
2014-01-09,37,83
2014-01-10,38,85
2014-01-11,39,89
2014-01-12,39,91
2014-01-13,39,89
2014-01-14,40,87
2014-01-15,41,86
2014-01-16,41,87
2014-01-17,41,85
2014-01-18,41,82
2014-01-19,42,83
2014-01-20,42,84
2014-01-21,41,85
2014-01-22,39,88
2014-01-23,39,91
2014-01-24,42,98
2014-01-25,42,100
2014-01-26,42,102
2014-01-27,43,101
2014-01-28,43,98
2014-01-29,42,101
2014-01-30,38,94
2014-01-31,39,119
2014-02-01,39,125
2014-02-02,40,126
2014-02-03,40,121
2014-02-04,40,120
2014-02-05,42,121
2014-02-06,43,117
2014-02-07,42,112
2014-02-08,40,110
2014-02-09,40,109
2014-02-10,40,110
2014-02-11,39,111
2014-02-12,40,120
2014-02-13,39,117
2014-02-14,40,118
2014-02-15,40,121
2014-02-16,40,120
2014-02-17,39,121
2014-02-18,40,121
2014-02-19,39,125
2014-02-20,37,124
2014-02-21,37,126
2014-02-22,36,122
2014-02-23,36,122
2014-02-24,36,122
2014-02-25,36,118
2014-02-26,37,119
2014-02-27,38,119
2014-02-28,38,118
2014-03-01,36,120
2014-03-02,37,120
2014-03-03,37,122
2014-03-04,37,119
2014-03-05,38,114
2014-03-06,38,115
2014-03-07,39,115
2014-03-08,39,116
2014-03-09,39,116
2014-03-10,40,117
2014-03-11,40,119
2014-03-12,39,118
2014-03-13,39,117
2014-03-14,39,116
2014-03-15,39,115
2014-03-16,39,115
2014-03-17,40,113
2014-03-18,39,111
2014-03-19,40,115
2014-03-20,41,119
2014-03-21,42,124
2014-03-22,41,128
2014-03-23,39,126
2014-03-24,40,128
2014-03-25,40,126
2014-03-26,40,132
2014-03-27,39,134
2014-03-28,38,133
2014-03-29,37,136
2014-03-30,37,134
2014-03-31,37,134
2014-04-01,37,131
2014-04-02,37,132
2014-04-03,38,139
2014-04-04,39,149
2014-04-05,40,155
2014-04-06,39,154
2014-04-07,40,153
2014-04-08,38,146
2014-04-09,38,143
2014-04-10,40,156
2014-04-11,40,160
2014-04-12,40,158
2014-04-13,39,157
2014-04-14,39,158
2014-04-15,39,159
2014-04-16,38,153
2014-04-17,40,155
2014-04-18,39,152
2014-04-19,40,152
2014-04-20,39,150
2014-04-21,38,149
2014-04-22,39,151
2014-04-23,40,157
2014-04-24,36,148
2014-04-25,38,175
2014-04-26,40,183
2014-04-27,43,192
2014-04-28,42,190
2014-04-29,41,191
2014-04-30,40,188
2014-05-01,40,185
2014-05-02,39,183
2014-05-03,40,181
2014-05-04,40,182
2014-05-05,42,184
2014-05-06,43,198
2014-05-07,42,203
2014-05-08,42,208
2014-05-09,42,204
2014-05-10,40,193
2014-05-11,41,194
2014-05-12,40,193
2014-05-13,39,190
2014-05-14,40,197
2014-05-15,40,199
2014-05-16,40,198
2014-05-17,41,197
2014-05-18,41,198
2014-05-19,42,200
2014-05-20,41,196
2014-05-21,41,194
2014-05-22,42,195
2014-05-23,42,190
2014-05-24,42,191
2014-05-25,42,193
2014-05-26,41,193
2014-05-27,41,193
2014-05-28,41,194
2014-05-29,40,189
2014-05-30,40,191
2014-05-31,40,194
2014-06-01,41,194
2014-06-02,40,195
2014-06-03,40,197
2014-06-04,40,198
2014-06-05,40,183
2014-06-06,40,178
2014-06-07,40,181
2014-06-08,41,181
2014-06-09,41,180
2014-06-10,40,174
2014-06-11,39,171
2014-06-12,41,180
2014-06-13,41,181
2014-06-14,41,181
2014-06-15,42,179
2014-06-16,42,182
2014-06-17,42,184
2014-06-18,40,177
2014-06-19,41,183
2014-06-20,41,186
2014-06-21,41,183
2014-06-22,40,182
2014-06-23,39,180
2014-06-24,40,182
2014-06-25,40,179
2014-06-26,41,182
2014-06-27,42,181
2014-06-28,42,184
2014-06-29,42,183
2014-06-30,42,184
2014-07-01,39,176
2014-07-02,39,175
2014-07-03,39,171
2014-07-04,40,175
2014-07-05,40,177
2014-07-06,41,179
2014-07-07,40,180
2014-07-08,41,189
2014-07-09,40,185
2014-07-10,40,187
2014-07-11,39,174
2014-07-12,39,171
2014-07-13,39,170
2014-07-14,39,170
2014-07-15,38,170
2014-07-16,38,170
2014-07-17,38,173
2014-07-18,37,169
2014-07-19,36,167
2014-07-20,36,169
2014-07-21,36,169
2014-07-22,37,169
2014-07-23,38,172
2014-07-24,36,175
2014-07-25,40,207
2014-07-26,39,210
2014-07-27,39,210
2014-07-28,41,210
2014-07-29,40,207
2014-07-30,39,206
2014-07-31,40,215
2014-08-01,40,220
2014-08-02,40,216
2014-08-03,39,211
2014-08-04,39,212
2014-08-05,38,212
2014-08-06,38,212
2014-08-07,39,214
2014-08-08,38,207
2014-08-09,38,205
2014-08-10,39,206
2014-08-11,40,209
2014-08-12,39,209
2014-08-13,39,197
2014-08-14,40,200
2014-08-15,39,199
2014-08-16,39,197
2014-08-17,41,197
2014-08-18,41,197
2014-08-19,41,199
2014-08-20,42,199
2014-08-21,43,201
2014-08-22,44,201
2014-08-23,45,199
2014-08-24,45,199
2014-08-25,46,200
2014-08-26,44,195
2014-08-27,43,194
2014-08-28,43,197
2014-08-29,44,201
2014-08-30,43,198
2014-08-31,43,199
2014-09-01,45,200
2014-09-02,45,201
2014-09-03,45,205
2014-09-04,45,198
2014-09-05,43,196
2014-09-06,43,199
2014-09-07,43,199
2014-09-08,43,199
2014-09-09,44,211
2014-09-10,44,211
2014-09-11,45,215
2014-09-12,45,214
2014-09-13,45,221
2014-09-14,45,220
2014-09-15,44,217
2014-09-16,44,213
2014-09-17,43,214
2014-09-18,43,215
2014-09-19,43,209
2014-09-20,44,218
2014-09-21,43,216
2014-09-22,43,216
2014-09-23,44,214
2014-09-24,45,213
2014-09-25,46,220
2014-09-26,47,218
2014-09-27,46,219
2014-09-28,44,217
2014-09-29,45,219
2014-09-30,44,217
2014-10-01,44,223
2014-10-02,43,221
2014-10-03,43,217
2014-10-04,42,217
2014-10-05,42,219
2014-10-06,41,216
2014-10-07,41,221
2014-10-08,41,215
2014-10-09,41,223
2014-10-10,40,224
2014-10-11,40,227
2014-10-12,41,231
2014-10-13,41,229
2014-10-14,41,228
2014-10-15,41,232
2014-10-16,43,239
2014-10-17,43,241
2014-10-18,43,237
2014-10-19,43,237
2014-10-20,44,236
2014-10-21,43,225
2014-10-22,43,228
2014-10-23,45,259
2014-10-24,42,252
2014-10-25,43,247
2014-10-26,42,242
2014-10-27,38,246
2014-10-28,39,246
2014-10-29,40,251
2014-10-30,40,246
2014-10-31,40,242
2014-11-01,42,245
2014-11-02,42,243
2014-11-03,41,241
2014-11-04,41,245
2014-11-05,41,255
2014-11-06,42,257
2014-11-07,43,259
2014-11-08,42,253
2014-11-09,42,251
2014-11-10,43,247
2014-11-11,42,240
2014-11-12,43,240
2014-11-13,43,233
2014-11-14,41,221
2014-11-15,41,226
2014-11-16,40,226
2014-11-17,38,221
2014-11-18,38,220
2014-11-19,38,220
2014-11-20,38,216
2014-11-21,37,216
2014-11-22,36,213
2014-11-23,36,215
2014-11-24,38,219
2014-11-25,38,221
2014-11-26,39,222
2014-11-27,38,218
2014-11-28,40,222
2014-11-29,41,232
2014-11-30,42,234
2014-12-01,43,238
2014-12-02,45,238
2014-12-03,45,249
2014-12-04,44,244
2014-12-05,45,252
2014-12-06,45,259
2014-12-07,44,256
2014-12-08,44,257
2014-12-09,43,249
2014-12-10,43,255
2014-12-11,43,252
2014-12-12,43,254
2014-12-13,43,257
2014-12-14,43,255
2014-12-15,42,250
2014-12-16,43,266
2014-12-17,43,261
2014-12-18,43,264
2014-12-19,43,259
2014-12-20,42,250
2014-12-21,41,246
2014-12-22,40,243
2014-12-23,40,242
2014-12-24,39,244
2014-12-25,40,243
2014-12-26,40,245
2014-12-27,39,239
2014-12-28,40,243
2014-12-29,41,244
2014-12-30,41,246
2014-12-31,41,246
2015-01-01,42,248
2015-01-02,42,248
2015-01-03,42,254
2015-01-04,43,258
2015-01-05,42,262
2015-01-06,43,273
2015-01-07,43,270
2015-01-08,44,270
2015-01-09,44,276
2015-01-10,45,283
2015-01-11,44,284
2015-01-12,44,287
2015-01-13,44,281
2015-01-14,44,284
2015-01-15,46,294
2015-01-16,45,290
2015-01-17,46,292
2015-01-18,46,293
2015-01-19,45,289
2015-01-20,45,291
2015-01-21,44,280
2015-01-22,43,266
2015-01-23,42,265
2015-01-24,43,270
2015-01-25,43,274
2015-01-26,42,272
2015-01-27,42,276
2015-01-28,41,279
2015-01-29,40,264
2015-01-30,38,224
2015-01-31,38,217
2015-02-01,38,212
2015-02-02,38,215
2015-02-03,40,211
2015-02-04,40,211
2015-02-05,42,204
2015-02-06,42,204
2015-02-07,42,206
2015-02-08,42,204
2015-02-09,43,203
2015-02-10,41,202
2015-02-11,40,202
2015-02-12,41,203
2015-02-13,40,201
2015-02-14,40,208
2015-02-15,39,206
2015-02-16,39,207
2015-02-17,38,207
2015-02-18,38,209
2015-02-19,37,204
2015-02-20,36,201
2015-02-21,36,204
2015-02-22,37,206
2015-02-23,37,206
2015-02-24,37,208
2015-02-25,36,203
2015-02-26,37,204
2015-02-27,37,208
2015-02-28,37,203
2015-03-01,38,210
2015-03-02,38,211
2015-03-03,38,213
2015-03-04,39,214
2015-03-05,38,208
2015-03-06,38,213
2015-03-07,38,213
2015-03-08,37,212
2015-03-09,37,214
2015-03-10,38,223
2015-03-11,38,228
2015-03-12,38,222
2015-03-13,38,226
2015-03-14,38,222
2015-03-15,37,221
2015-03-16,38,221
2015-03-17,39,220
2015-03-18,39,219
2015-03-19,39,221
2015-03-20,39,220
2015-03-21,40,222
2015-03-22,39,220
2015-03-23,39,218
2015-03-24,38,222
2015-03-25,39,226
2015-03-26,39,229
2015-03-27,40,226
2015-03-28,41,221
2015-03-29,40,223
2015-03-30,41,222
2015-03-31,41,225
2015-04-01,41,227
2015-04-02,41,223
2015-04-03,40,219
2015-04-04,39,219
2015-04-05,39,222
2015-04-06,39,220
2015-04-07,40,221
2015-04-08,39,216
2015-04-09,39,214
2015-04-10,38,212
2015-04-11,37,210
2015-04-12,38,214
2015-04-13,38,212
2015-04-14,37,211
2015-04-15,36,212
2015-04-16,37,213
2015-04-17,37,225
2015-04-18,35,212
2015-04-19,36,213
2015-04-20,36,212
2015-04-21,36,210
2015-04-22,36,212
2015-04-23,36,213
2015-04-24,33,168
2015-04-25,34,176
2015-04-26,33,174
2015-04-27,33,176
2015-04-28,33,181
2015-04-29,31,184
2015-04-30,31,189
2015-05-01,32,193
2015-05-02,31,191
2015-05-03,32,192
2015-05-04,32,191
2015-05-05,33,194
2015-05-06,32,197
2015-05-07,33,194
2015-05-08,32,190
2015-05-09,31,188
2015-05-10,30,185
2015-05-11,29,183
2015-05-12,28,184
2015-05-13,29,186
2015-05-14,28,183
2015-05-15,29,188
2015-05-16,30,190
2015-05-17,29,185
2015-05-18,29,185
2015-05-19,29,188
2015-05-20,29,187
2015-05-21,29,182
2015-05-22,29,185
2015-05-23,29,187
2015-05-24,30,190
2015-05-25,30,192
2015-05-26,29,192
2015-05-27,29,188
2015-05-28,30,194
2015-05-29,29,191
2015-05-30,29,191
2015-05-31,29,189
2015-06-01,28,189
2015-06-02,27,189
2015-06-03,27,186
2015-06-04,27,188
2015-06-05,28,193
2015-06-06,28,196
2015-06-07,28,196
2015-06-08,29,198
2015-06-09,30,196
2015-06-10,30,191
2015-06-11,30,190
2015-06-12,30,193
2015-06-13,30,199
2015-06-14,30,197
2015-06-15,29,194
2015-06-16,29,193
2015-06-17,29,193
2015-06-18,28,187
2015-06-19,28,189
2015-06-20,28,187
2015-06-21,27,184
2015-06-22,27,182
2015-06-23,26,174
2015-06-24,27,177
2015-06-25,28,180
2015-06-26,28,183
2015-06-27,29,187
2015-06-28,29,190
2015-06-29,29,190
2015-06-30,29,188
2015-07-01,29,187
2015-07-02,29,188
2015-07-03,29,188
2015-07-04,30,191
2015-07-05,31,194
2015-07-06,31,196
2015-07-07,31,197
2015-07-08,31,203
2015-07-09,31,202
2015-07-10,31,196
2015-07-11,30,189
2015-07-12,31,191
2015-07-13,31,192
2015-07-14,30,185
2015-07-15,31,190
2015-07-16,30,181
2015-07-17,30,177
2015-07-18,29,174
2015-07-19,28,171
2015-07-20,29,173
2015-07-21,29,173
2015-07-22,29,173
2015-07-23,30,178
2015-07-24,28,154
2015-07-25,28,155
2015-07-26,28,153
2015-07-27,28,152
2015-07-28,28,153
2015-07-29,29,150
2015-07-30,29,149
2015-07-31,29,150
2015-08-01,27,147
2015-08-02,28,148
2015-08-03,27,144
2015-08-04,27,146
2015-08-05,27,145
2015-08-06,28,150
2015-08-07,27,153
2015-08-08,27,151
2015-08-09,27,151
2015-08-10,28,150
2015-08-11,28,150
2015-08-12,28,152
2015-08-13,28,152
2015-08-14,28,151
2015-08-15,28,148
2015-08-16,29,149
2015-08-17,30,149
2015-08-18,30,150
2015-08-19,30,150
2015-08-20,31,158
2015-08-21,32,170
2015-08-22,33,190
2015-08-23,33,188
2015-08-24,34,189
2015-08-25,34,188
2015-08-26,32,168
2015-08-27,31,159
2015-08-28,31,159
2015-08-29,31,164
2015-08-30,31,164
2015-08-31,31,165
2015-09-01,31,176
2015-09-02,31,168
2015-09-03,32,173
2015-09-04,32,176
2015-09-05,31,166
2015-09-06,31,165
2015-09-07,31,164
2015-09-08,31,163
2015-09-09,32,165
2015-09-10,32,163
2015-09-11,32,161
2015-09-12,32,166
2015-09-13,32,166
2015-09-14,32,164
2015-09-15,32,163
2015-09-16,32,161
2015-09-17,31,155
2015-09-18,31,155
2015-09-19,31,151
2015-09-20,32,153
2015-09-21,31,152
2015-09-22,31,155
2015-09-23,31,155
2015-09-24,32,156
2015-09-25,33,163
2015-09-26,33,173
2015-09-27,32,172
2015-09-28,31,171
2015-09-29,31,177
2015-09-30,30,167
2015-10-01,30,163
2015-10-02,29,156
2015-10-03,29,151
2015-10-04,29,151
2015-10-05,29,153
2015-10-06,29,154
2015-10-07,28,152
2015-10-08,29,156
2015-10-09,28,153
2015-10-10,29,146
2015-10-11,29,145
2015-10-12,28,147
2015-10-13,28,146
2015-10-14,29,149
2015-10-15,28,142
2015-10-16,28,140
2015-10-17,29,142
2015-10-18,30,140
2015-10-19,31,141
2015-10-20,31,146
2015-10-21,31,148
2015-10-22,31,145
2015-10-23,30,130
2015-10-24,29,123
2015-10-25,28,125
2015-10-26,30,125
2015-10-27,29,125
2015-10-28,29,122
2015-10-29,29,120
2015-10-30,29,120
2015-10-31,29,120
2015-11-01,28,122
2015-11-02,29,121
2015-11-03,29,123
2015-11-04,29,117
2015-11-05,28,113
2015-11-06,28,113
2015-11-07,27,116
2015-11-08,27,116
2015-11-09,27,114
2015-11-10,29,110
2015-11-11,28,104
2015-11-12,29,107
2015-11-13,29,113
2015-11-14,29,111
2015-11-15,28,112
2015-11-16,29,113
2015-11-17,29,112
2015-11-18,28,105
2015-11-19,28,106
2015-11-20,28,104
2015-11-21,27,101
2015-11-22,27,102
2015-11-23,27,102
2015-11-24,27,107
2015-11-25,27,106
2015-11-26,28,107
2015-11-27,28,108
2015-11-28,27,112
2015-11-29,28,111
2015-11-30,28,111
2015-12-01,27,105
2015-12-02,28,106
2015-12-03,27,110
2015-12-04,28,106
2015-12-05,28,108
2015-12-06,28,109
2015-12-07,28,109
2015-12-08,28,108
2015-12-09,28,111
2015-12-10,28,111
2015-12-11,29,119
2015-12-12,28,114
2015-12-13,28,115
2015-12-14,29,114
2015-12-15,30,112
2015-12-16,30,107
2015-12-17,30,110
2015-12-18,30,113
2015-12-19,31,112
2015-12-20,31,111
2015-12-21,33,109
2015-12-22,33,109
2015-12-23,33,107
2015-12-24,32,108
2015-12-25,30,107
2015-12-26,31,108
2015-12-27,30,107
2015-12-28,31,108
2015-12-29,30,103
2015-12-30,31,105
2015-12-31,31,109
2016-01-01,32,123
2016-01-02,32,124
2016-01-03,32,122
2016-01-04,31,125
2016-01-05,30,128
2016-01-06,29,130
2016-01-07,31,140
2016-01-08,31,141
2016-01-09,30,138
2016-01-10,31,139
2016-01-11,30,139
2016-01-12,31,141
2016-01-13,32,156
2016-01-14,32,151
2016-01-15,32,163
2016-01-16,32,161
2016-01-17,32,161
2016-01-18,32,161
2016-01-19,32,159
2016-01-20,32,162
2016-01-21,32,160
2016-01-22,31,151
2016-01-23,31,152
2016-01-24,31,153
2016-01-25,30,153
2016-01-26,29,149
2016-01-27,30,157
2016-01-28,27,134
2016-01-29,29,152
2016-01-30,28,160
2016-01-31,29,164
2016-02-01,30,160
2016-02-02,31,173
2016-02-03,32,180
2016-02-04,32,179
2016-02-05,33,198
2016-02-06,34,209
2016-02-07,35,209
2016-02-08,37,210
2016-02-09,37,213
2016-02-10,35,207
2016-02-11,35,200
2016-02-12,34,201
2016-02-13,34,194
2016-02-14,33,193
2016-02-15,33,193
2016-02-16,33,194
2016-02-17,32,187
2016-02-18,32,192
2016-02-19,32,187
2016-02-20,31,174
2016-02-21,30,173
2016-02-22,30,172
2016-02-23,29,173
2016-02-24,29,174
2016-02-25,29,173
2016-02-26,29,173
2016-02-27,28,172
2016-02-28,28,172
2016-02-29,30,176
2016-03-01,29,165
2016-03-02,29,165
2016-03-03,29,166
2016-03-04,29,169
2016-03-05,29,173
2016-03-06,29,171
2016-03-07,29,168
2016-03-08,28,169
2016-03-09,28,171
2016-03-10,28,174
2016-03-11,28,169
2016-03-12,27,164
2016-03-13,28,167
2016-03-14,26,163
2016-03-15,26,160
2016-03-16,25,162
2016-03-17,27,172
2016-03-18,28,177
2016-03-19,28,177
2016-03-20,27,178
2016-03-21,27,178
2016-03-22,27,173
2016-03-23,27,167
2016-03-24,26,162
2016-03-25,26,164
2016-03-26,27,165
2016-03-27,27,163
2016-03-28,28,164
2016-03-29,27,159
2016-03-30,27,155
2016-03-31,27,158
2016-04-01,27,155
2016-04-02,26,156
2016-04-03,26,156
2016-04-04,26,158
2016-04-05,26,163
2016-04-06,25,154
2016-04-07,26,159
2016-04-08,26,158
2016-04-09,26,158
2016-04-10,25,159
2016-04-11,25,158
2016-04-12,26,157
2016-04-13,26,151
2016-04-14,26,152
2016-04-15,26,151
2016-04-16,27,152
2016-04-17,27,153
2016-04-18,26,152
2016-04-19,26,156
2016-04-20,26,154
2016-04-21,25,152
2016-04-22,25,157
2016-04-23,25,156
2016-04-24,25,153
2016-04-25,26,154
2016-04-26,24,158
2016-04-27,25,164
2016-04-28,25,165
2016-04-29,23,143
2016-04-30,23,136
2016-05-01,23,135
2016-05-02,23,136
2016-05-03,23,141
2016-05-04,23,141
2016-05-05,23,146
2016-05-06,23,141
2016-05-07,24,141
2016-05-08,24,141
2016-05-09,24,141
2016-05-10,23,131
2016-05-11,23,126
2016-05-12,22,124
2016-05-13,23,126
2016-05-14,22,126
2016-05-15,22,127
2016-05-16,22,128
2016-05-17,22,130
2016-05-18,22,129
2016-05-19,22,129
2016-05-20,22,129
2016-05-21,22,130
2016-05-22,22,130
2016-05-23,23,131
2016-05-24,23,130
2016-05-25,23,130
2016-05-26,23,128
2016-05-27,23,129
2016-05-28,23,127
2016-05-29,23,127
2016-05-30,24,128
2016-05-31,24,127
2016-06-01,26,128
2016-06-02,25,126
2016-06-03,25,126
2016-06-04,23,124
2016-06-05,23,126
2016-06-06,24,127
2016-06-07,23,128
2016-06-08,22,128
2016-06-09,23,129
2016-06-10,24,133
2016-06-11,24,132
2016-06-12,24,132
2016-06-13,24,133
2016-06-14,23,131
2016-06-15,23,132
2016-06-16,23,132
2016-06-17,23,137
2016-06-18,23,136
2016-06-19,23,135
2016-06-20,23,136
2016-06-21,22,133
2016-06-22,22,134
2016-06-23,22,130
2016-06-24,22,137
2016-06-25,25,143
2016-06-26,24,143
2016-06-27,24,142
2016-06-28,24,137
2016-06-29,23,135
2016-06-30,24,137
2016-07-01,26,138
2016-07-02,26,138
2016-07-03,27,140
2016-07-04,27,142
2016-07-05,28,143
2016-07-06,28,141
2016-07-07,27,141
2016-07-08,27,140
2016-07-09,28,141
2016-07-10,27,141
2016-07-11,27,139
2016-07-12,27,143
2016-07-13,27,145
2016-07-14,27,145
2016-07-15,27,146
2016-07-16,27,146
2016-07-17,27,145
2016-07-18,28,150
2016-07-19,28,147
2016-07-20,28,146
2016-07-21,28,145
2016-07-22,27,144
2016-07-23,27,145
2016-07-24,27,146
2016-07-25,27,147
2016-07-26,28,147
2016-07-27,28,146
2016-07-28,28,139
2016-07-29,29,136
2016-07-30,30,136
2016-07-31,33,141
2016-08-01,31,137
2016-08-02,32,141
2016-08-03,33,140
2016-08-04,33,140
2016-08-05,34,140
2016-08-06,34,142
2016-08-07,33,140
2016-08-08,32,140
2016-08-09,32,139
2016-08-10,34,139
2016-08-11,33,138
2016-08-12,34,140
2016-08-13,34,142
2016-08-14,35,142
2016-08-15,35,142
2016-08-16,35,144
2016-08-17,35,144
2016-08-18,36,146
2016-08-19,37,148
2016-08-20,37,147
2016-08-21,36,147
2016-08-22,36,146
2016-08-23,37,144
2016-08-24,37,147
2016-08-25,38,146
2016-08-26,38,145
2016-08-27,37,142
2016-08-28,37,142
2016-08-29,37,146
2016-08-30,37,147
2016-08-31,37,147
2016-09-01,37,148
2016-09-02,38,149
2016-09-03,36,140
2016-09-04,36,140
2016-09-05,34,137
2016-09-06,34,135
2016-09-07,32,134
2016-09-08,33,134
2016-09-09,35,145
2016-09-10,35,142
2016-09-11,34,140
2016-09-12,32,138
2016-09-13,33,143
2016-09-14,33,140
2016-09-15,33,138
2016-09-16,33,134
2016-09-17,33,136
2016-09-18,32,136
2016-09-19,33,137
2016-09-20,34,136
2016-09-21,35,133
2016-09-22,35,131
2016-09-23,34,127
2016-09-24,36,130
2016-09-25,36,132
2016-09-26,38,134
2016-09-27,36,128
2016-09-28,35,124
2016-09-29,34,124
2016-09-30,34,121
2016-10-01,34,122
2016-10-02,33,119
2016-10-03,34,121
2016-10-04,34,123
2016-10-05,35,121
2016-10-06,33,119
2016-10-07,34,122
2016-10-08,35,121
2016-10-09,35,123
2016-10-10,38,126
2016-10-11,38,129
2016-10-12,38,130
2016-10-13,37,130
2016-10-14,38,133
2016-10-15,38,136
2016-10-16,38,138
2016-10-17,38,138
2016-10-18,39,136
2016-10-19,39,137
2016-10-20,39,139
2016-10-21,39,134
2016-10-22,39,129
2016-10-23,40,130
2016-10-24,39,128
2016-10-25,38,130
2016-10-26,40,133
2016-10-27,39,137
2016-10-28,38,146
2016-10-29,39,144
2016-10-30,38,142
2016-10-31,38,143
2016-11-01,36,142
2016-11-02,36,149
2016-11-03,37,150
2016-11-04,39,158
2016-11-05,39,150
2016-11-06,39,150
2016-11-07,37,149
2016-11-08,37,148
2016-11-09,38,153
2016-11-10,38,159
2016-11-11,38,161
2016-11-12,38,166
2016-11-13,39,166
2016-11-14,39,167
2016-11-15,39,158
2016-11-16,39,159
2016-11-17,40,153
2016-11-18,39,151
2016-11-19,39,145
2016-11-20,39,145
2016-11-21,39,145
2016-11-22,38,143
2016-11-23,37,145
2016-11-24,37,147
2016-11-25,37,149
2016-11-26,37,154
2016-11-27,37,154
2016-11-28,36,155
2016-11-29,37,156
2016-11-30,38,161
2016-12-01,37,163
2016-12-02,38,164
2016-12-03,38,157
2016-12-04,38,155
2016-12-05,39,156
2016-12-06,39,156
2016-12-07,39,154
2016-12-08,40,156
2016-12-09,40,156
2016-12-10,41,160
2016-12-11,40,159
2016-12-12,40,160
2016-12-13,40,156
2016-12-14,41,157
2016-12-15,42,159
2016-12-16,42,162
2016-12-17,42,160
2016-12-18,42,161
2016-12-19,43,161
2016-12-20,44,159
2016-12-21,45,157
2016-12-22,45,158
2016-12-23,45,159
2016-12-24,44,155
2016-12-25,42,161
2016-12-26,42,160
2016-12-27,42,160
2016-12-28,42,160
2016-12-29,43,164
2016-12-30,43,170
2016-12-31,43,168
2017-01-01,42,171
2017-01-02,42,172
2017-01-03,44,174
2017-01-04,43,174
2017-01-05,42,168
2017-01-06,40,162
2017-01-07,40,162
2017-01-08,41,164
2017-01-09,42,165
2017-01-10,42,166
2017-01-11,41,164
2017-01-12,41,160
2017-01-13,42,160
2017-01-14,42,161
2017-01-15,41,161
2017-01-16,40,161
2017-01-17,41,160
2017-01-18,42,165
2017-01-19,42,163
2017-01-20,43,167
2017-01-21,42,163
2017-01-22,42,162
2017-01-23,41,161
2017-01-24,41,160
2017-01-25,42,157
2017-01-26,41,155
2017-01-27,40,154
2017-01-28,39,155
2017-01-29,40,154
2017-01-30,40,158
2017-01-31,38,165
2017-02-01,38,159
2017-02-02,38,158
2017-02-03,38,165
2017-02-04,38,168
2017-02-05,39,169
2017-02-06,39,170
2017-02-07,38,168
2017-02-08,39,166
2017-02-09,39,164
2017-02-10,38,162
2017-02-11,37,158
2017-02-12,37,161
2017-02-13,37,162
2017-02-14,36,161
2017-02-15,36,159
2017-02-16,36,159
2017-02-17,36,161
2017-02-18,37,159
2017-02-19,36,158
2017-02-20,36,156
2017-02-21,37,156
2017-02-22,38,155
2017-02-23,37,156
2017-02-24,37,158
2017-02-25,38,156
2017-02-26,38,158
2017-02-27,40,157
2017-02-28,40,158
2017-03-01,41,161
2017-03-02,40,162
2017-03-03,39,157
2017-03-04,37,158
2017-03-05,37,155
2017-03-06,37,153
2017-03-07,39,150
2017-03-08,39,149
2017-03-09,40,153
2017-03-10,37,153
2017-03-11,39,152
2017-03-12,42,150
2017-03-13,39,152
2017-03-14,41,150
2017-03-15,41,150
2017-03-16,40,149
2017-03-17,37,150
2017-03-18,36,147
2017-03-19,35,149
2017-03-20,36,150
2017-03-21,35,155
2017-03-22,36,155
2017-03-23,36,153
2017-03-24,34,154
2017-03-25,36,154
2017-03-26,35,157
2017-03-27,37,155
2017-03-28,36,152
2017-03-29,35,147
2017-03-30,36,146
2017-03-31,36,143
2017-04-01,38,143
2017-04-02,37,142
2017-04-03,37,143
2017-04-04,35,141
2017-04-05,34,140
2017-04-06,34,141
2017-04-07,35,144
2017-04-08,34,141
2017-04-09,35,144
2017-04-10,33,148
2017-04-11,33,148
2017-04-12,34,151
2017-04-13,34,154
2017-04-14,31,149
2017-04-15,31,150
2017-04-16,31,153
2017-04-17,30,152
2017-04-18,29,151
2017-04-19,29,153
2017-04-20,29,152
2017-04-21,30,152
2017-04-22,28,148
2017-04-23,28,150
2017-04-24,28,149
2017-04-25,29,150
2017-04-26,27,149
2017-04-27,26,147
2017-04-28,26,143
2017-04-29,26,138
2017-04-30,24,137
2017-05-01,26,135
2017-05-02,26,136
2017-05-03,26,138
2017-05-04,27,141
2017-05-05,27,143
2017-05-06,26,140
2017-05-07,26,138
2017-05-08,25,137
2017-05-09,25,135
2017-05-10,24,133
2017-05-11,25,135
2017-05-12,25,129
2017-05-13,24,130
2017-05-14,24,131
2017-05-15,24,132
2017-05-16,23,131
2017-05-17,24,135
2017-05-18,23,130
2017-05-19,23,130
2017-05-20,22,128
2017-05-21,22,127
2017-05-22,22,127
2017-05-23,23,127
2017-05-24,24,126
2017-05-25,24,125
2017-05-26,24,125
2017-05-27,24,124
2017-05-28,24,125
2017-05-29,24,125
2017-05-30,24,126
2017-05-31,24,125
2017-06-01,26,126
2017-06-02,26,124
2017-06-03,25,122
2017-06-04,24,121
2017-06-05,24,121
2017-06-06,24,124
2017-06-07,22,122
2017-06-08,22,124
2017-06-09,22,132
2017-06-10,23,137
2017-06-11,23,136
2017-06-12,24,137
2017-06-13,23,134
2017-06-14,23,135
2017-06-15,23,137
2017-06-16,22,133
2017-06-17,22,133
2017-06-18,22,134
2017-06-19,21,133
2017-06-20,21,134
2017-06-21,20,130
2017-06-22,20,131
2017-06-23,20,130
2017-06-24,20,130
2017-06-25,22,134
2017-06-26,22,134
2017-06-27,23,138
2017-06-28,22,135
2017-06-29,23,140
2017-06-30,22,143
2017-07-01,22,143
2017-07-02,22,145
2017-07-03,22,148
2017-07-04,23,150
2017-07-05,23,151
2017-07-06,23,152
2017-07-07,23,149
2017-07-08,23,147
2017-07-09,22,148
2017-07-10,21,148
2017-07-11,21,147
2017-07-12,21,144
2017-07-13,21,146
2017-07-14,21,145
2017-07-15,21,142
2017-07-16,21,141
2017-07-17,21,140
2017-07-18,20,140
2017-07-19,20,138
2017-07-20,20,141
2017-07-21,21,141
2017-07-22,21,138
2017-07-23,21,137
2017-07-24,21,138
2017-07-25,21,138
2017-07-26,21,134
2017-07-27,21,133
2017-07-28,22,138
2017-07-29,22,145
2017-07-30,22,145
2017-07-31,24,148
2017-08-01,23,144
2017-08-02,24,145
2017-08-03,25,146
2017-08-04,25,147
2017-08-05,25,148
2017-08-06,24,147
2017-08-07,24,147
2017-08-08,24,149
2017-08-09,25,150
2017-08-10,25,156
2017-08-11,25,151
2017-08-12,25,150
2017-08-13,24,150
2017-08-14,25,149
2017-08-15,25,149
2017-08-16,25,151
2017-08-17,25,156
2017-08-18,25,158
2017-08-19,25,157
2017-08-20,25,156
2017-08-21,24,157
2017-08-22,23,152
2017-08-23,25,154
2017-08-24,24,156
2017-08-25,24,156
2017-08-26,24,159
2017-08-27,24,158
2017-08-28,24,159
2017-08-29,24,160
2017-08-30,24,156
2017-08-31,24,154
2017-09-01,24,156
2017-09-02,24,160
2017-09-03,24,155
2017-09-04,24,155
2017-09-05,23,153
2017-09-06,23,150
2017-09-07,21,145
2017-09-08,22,148
2017-09-09,22,149
2017-09-10,23,148
2017-09-11,22,148
2017-09-12,21,144
2017-09-13,21,142
2017-09-14,21,141
2017-09-15,21,143
2017-09-16,22,146
2017-09-17,23,147
2017-09-18,23,144
2017-09-19,23,147
2017-09-20,24,146
2017-09-21,25,149
2017-09-22,25,154
2017-09-23,26,157
2017-09-24,26,157
2017-09-25,25,157
2017-09-26,26,160
2017-09-27,26,156
2017-09-28,25,154
2017-09-29,25,152
2017-09-30,25,153
2017-10-01,25,155
2017-10-02,26,152
2017-10-03,26,154
2017-10-04,26,152
2017-10-05,26,149
2017-10-06,26,145
2017-10-07,26,148
2017-10-08,27,148
2017-10-09,27,150
2017-10-10,28,154
2017-10-11,28,151
2017-10-12,27,151
2017-10-13,28,151
2017-10-14,28,150
2017-10-15,28,152
2017-10-16,29,155
2017-10-17,29,153
2017-10-18,30,155
2017-10-19,30,158
2017-10-20,30,159
2017-10-21,30,162
2017-10-22,30,160
2017-10-23,31,161
2017-10-24,31,159
2017-10-25,30,160
2017-10-26,31,160
2017-10-27,29,130
2017-10-28,29,126
2017-10-29,29,127
2017-10-30,30,125
2017-10-31,30,127
2017-11-01,27,124
2017-11-02,27,127
2017-11-03,28,125
2017-11-04,27,126
2017-11-05,27,127
2017-11-06,27,127
2017-11-07,27,125
2017-11-08,26,122
2017-11-09,27,123
2017-11-10,28,121
2017-11-11,27,121
2017-11-12,26,119
2017-11-13,27,120
2017-11-14,28,119
2017-11-15,28,122
2017-11-16,29,121
2017-11-17,29,121
2017-11-18,30,123
2017-11-19,30,123
2017-11-20,30,122
2017-11-21,29,118
2017-11-22,29,115
2017-11-23,28,110
2017-11-24,27,111
2017-11-25,26,109
2017-11-26,26,110
2017-11-27,26,110
2017-11-28,25,111
2017-11-29,26,117
2017-11-30,26,114
2017-12-01,24,116
2017-12-02,25,121
2017-12-03,25,120
2017-12-04,26,119
2017-12-05,26,118
2017-12-06,26,117
2017-12-07,28,116
2017-12-08,28,118
2017-12-09,29,116
2017-12-10,29,117
2017-12-11,28,115
2017-12-12,28,117
2017-12-13,28,118
2017-12-14,28,115
2017-12-15,30,115
2017-12-16,29,113
2017-12-17,30,115
2017-12-18,29,115
2017-12-19,30,115
2017-12-20,31,116
2017-12-21,32,117
2017-12-22,33,118
2017-12-23,34,117
2017-12-24,33,116
2017-12-25,29,119
2017-12-26,29,119
2017-12-27,29,117
2017-12-28,29,117
2017-12-29,30,121
2017-12-30,30,117
2017-12-31,30,117
2018-01-01,34,108
2018-01-02,34,109
2018-01-03,37,110
2018-01-04,36,111
2018-01-05,35,109
2018-01-06,34,105
2018-01-07,34,105
2018-01-08,35,107
2018-01-09,36,107
2018-01-10,37,107
2018-01-11,35,101
2018-01-12,35,97
2018-01-13,35,97
2018-01-14,35,96
2018-01-15,34,95
2018-01-16,33,94
2018-01-17,33,95
2018-01-18,34,98
2018-01-19,35,97
2018-01-20,35,95
2018-01-21,34,95
2018-01-22,34,95
2018-01-23,33,89
2018-01-24,34,90
2018-01-25,34,87
2018-01-26,34,84
2018-01-27,33,79
2018-01-28,32,79
2018-01-29,32,78
2018-01-30,30,75
2018-01-31,27,77
2018-02-01,29,83
2018-02-02,28,78
2018-02-03,28,82
2018-02-04,27,83
2018-02-05,28,84
2018-02-06,27,77
2018-02-07,27,80
2018-02-08,28,89
2018-02-09,28,90
2018-02-10,27,83
2018-02-11,26,82
2018-02-12,26,84
2018-02-13,26,80
2018-02-14,25,75
2018-02-15,25,74
2018-02-16,25,76
2018-02-17,25,74
2018-02-18,26,75
2018-02-19,25,73
2018-02-20,25,73
2018-02-21,27,71
2018-02-22,28,70
2018-02-23,27,68
2018-02-24,27,66
2018-02-25,28,65
2018-02-26,28,66
2018-02-27,30,67
2018-02-28,31,68
2018-03-01,31,73
2018-03-02,30,72
2018-03-03,29,66
2018-03-04,28,66
2018-03-05,28,65
2018-03-06,28,62
2018-03-07,31,60
2018-03-08,31,59
2018-03-09,31,59
2018-03-10,28,57
2018-03-11,29,56
2018-03-12,32,54
2018-03-13,29,56
2018-03-14,31,55
2018-03-15,32,57
2018-03-16,31,57
2018-03-17,28,61
2018-03-18,26,58
2018-03-19,25,60
2018-03-20,25,56
2018-03-21,24,57
2018-03-22,26,62
2018-03-23,26,67
2018-03-24,24,60
2018-03-25,26,60
2018-03-26,25,61
2018-03-27,27,67
2018-03-28,26,75
2018-03-29,25,72
2018-03-30,26,82
2018-03-31,26,82
2018-04-01,28,83
2018-04-02,27,82
2018-04-03,27,80
2018-04-04,25,79
2018-04-05,25,74
2018-04-06,25,79
2018-04-07,26,82
2018-04-08,25,82
2018-04-09,26,83
2018-04-10,24,83
2018-04-11,25,84
2018-04-12,24,82
2018-04-13,25,84
2018-04-14,23,83
2018-04-15,23,85
2018-04-16,22,86
2018-04-17,21,77
2018-04-18,20,74
2018-04-19,19,72
2018-04-20,20,74
2018-04-21,20,75
2018-04-22,19,73
2018-04-23,19,75
2018-04-24,20,82
2018-04-25,20,82
2018-04-26,19,76
2018-04-27,19,71
2018-04-28,20,71
2018-04-29,19,71
2018-04-30,17,70
2018-05-01,18,65
2018-05-02,18,66
2018-05-03,18,68
2018-05-04,20,69
2018-05-05,20,68
2018-05-06,20,68
2018-05-07,19,66
2018-05-08,18,66
2018-05-09,18,65
2018-05-10,17,63
2018-05-11,19,64
2018-05-12,19,63
2018-05-13,19,64
2018-05-14,19,65
2018-05-15,19,68
2018-05-16,18,68
2018-05-17,19,68
2018-05-18,19,70
2018-05-19,19,69
2018-05-20,18,68
2018-05-21,18,67
2018-05-22,18,68
2018-05-23,19,65
2018-05-24,19,65
2018-05-25,19,65
2018-05-26,19,65
2018-05-27,20,65
2018-05-28,19,65
2018-05-29,19,65
2018-05-30,18,63
2018-05-31,19,62
2018-06-01,20,60
2018-06-02,19,58
2018-06-03,19,57
2018-06-04,18,57
2018-06-05,18,54
2018-06-06,17,55
2018-06-07,17,57
2018-06-08,17,59
2018-06-09,15,58
2018-06-10,15,59
2018-06-11,15,58
2018-06-12,16,57
2018-06-13,15,57
2018-06-14,15,55
2018-06-15,16,57
2018-06-16,15,57
2018-06-17,16,58
2018-06-18,15,58
2018-06-19,14,57
2018-06-20,14,56
2018-06-21,15,58
2018-06-22,15,60
2018-06-23,15,66
2018-06-24,15,64
2018-06-25,16,66
2018-06-26,16,63
2018-06-27,17,66
2018-06-28,16,62
2018-06-29,16,62
2018-06-30,15,61
2018-07-01,18,55
2018-07-02,18,56
2018-07-03,18,62
2018-07-04,18,61
2018-07-05,19,62
2018-07-06,18,60
2018-07-07,18,57
2018-07-08,18,59
2018-07-09,16,59
2018-07-10,16,59
2018-07-11,16,57
2018-07-12,16,54
2018-07-13,15,52
2018-07-14,15,51
2018-07-15,15,49
2018-07-16,15,49
2018-07-17,15,46
2018-07-18,14,49
2018-07-19,15,51
2018-07-20,15,53
2018-07-21,16,54
2018-07-22,16,54
2018-07-23,17,53
2018-07-24,17,51
2018-07-25,16,48
2018-07-26,17,53
2018-07-27,17,50
2018-07-28,18,53
2018-07-29,17,52
2018-07-30,16,51
2018-07-31,18,54
2018-08-01,18,51
2018-08-02,19,48
2018-08-03,20,48
2018-08-04,20,47
2018-08-05,20,48
2018-08-06,19,48
2018-08-07,19,47
2018-08-08,19,46
2018-08-09,19,44
2018-08-10,20,44
2018-08-11,19,43
2018-08-12,20,44
2018-08-13,18,44
2018-08-14,20,41
2018-08-15,20,45
2018-08-16,19,45
2018-08-17,19,45
2018-08-18,18,47
2018-08-19,18,45
2018-08-20,18,45
2018-08-21,17,44
2018-08-22,16,42
2018-08-23,18,42
2018-08-24,17,42
2018-08-25,16,39
2018-08-26,16,41
2018-08-27,16,40
2018-08-28,16,40
2018-08-29,16,37
2018-08-30,16,37
2018-08-31,16,37
2018-09-01,16,35
2018-09-02,15,35
2018-09-03,15,32
2018-09-04,15,32
2018-09-05,14,34
2018-09-06,14,36
2018-09-07,13,35
2018-09-08,14,36
2018-09-09,14,38
2018-09-10,15,38
2018-09-11,14,34
2018-09-12,12,32
2018-09-13,13,33
2018-09-14,13,33
2018-09-15,14,38
2018-09-16,14,37
2018-09-17,15,38
2018-09-18,14,33
2018-09-19,15,35
2018-09-20,15,34
2018-09-21,16,36
2018-09-22,16,37
2018-09-23,17,36
2018-09-24,18,36
2018-09-25,15,33
2018-09-26,17,34
2018-09-27,16,31
2018-09-28,16,32
2018-09-29,16,31
2018-09-30,16,31
2018-10-01,16,32
2018-10-02,17,33
2018-10-03,16,35
2018-10-04,18,39
2018-10-05,18,41
2018-10-06,19,42
2018-10-07,19,45
2018-10-08,20,45
2018-10-09,20,46
2018-10-10,23,59
2018-10-11,23,62
2018-10-12,22,56
2018-10-13,23,59
2018-10-14,24,59
2018-10-15,24,61
2018-10-16,25,57
2018-10-17,24,54
2018-10-18,26,60
2018-10-19,25,61
2018-10-20,24,58
2018-10-21,24,57
2018-10-22,24,55
2018-10-23,25,58
2018-10-24,26,69
2018-10-25,25,57
2018-10-26,26,72
2018-10-27,28,85
2018-10-28,28,84
2018-10-29,28,84
2018-10-30,29,83
2018-10-31,29,75
2018-11-01,25,65
2018-11-02,25,66
2018-11-03,26,71
2018-11-04,25,73
2018-11-05,25,74
2018-11-06,25,73
2018-11-07,25,60
2018-11-08,24,59
2018-11-09,26,64
2018-11-10,27,69
2018-11-11,26,71
2018-11-12,26,70
2018-11-13,27,71
2018-11-14,28,75
2018-11-15,28,74
2018-11-16,28,77
2018-11-17,30,86
2018-11-18,30,87
2018-11-19,31,88
2018-11-20,31,89
2018-11-21,30,85
2018-11-22,30,87
2018-11-23,29,87
2018-11-24,28,78
2018-11-25,28,78
2018-11-26,27,79
2018-11-27,27,79
2018-11-28,26,68
2018-11-29,26,69
2018-11-30,26,67
2018-12-01,25,59
2018-12-02,25,59
2018-12-03,25,58
2018-12-04,26,68
2018-12-05,27,64
2018-12-06,27,65
2018-12-07,29,73
2018-12-08,29,73
2018-12-09,30,73
2018-12-10,31,74
2018-12-11,29,72
2018-12-12,28,71
2018-12-13,29,72
2018-12-14,29,79
2018-12-15,31,88
2018-12-16,31,89
2018-12-17,31,91
2018-12-18,31,86
2018-12-19,31,93
2018-12-20,33,98
2018-12-21,34,111
2018-12-22,35,117
2018-12-23,36,118
2018-12-24,35,116
2018-12-25,31,99
2018-12-26,31,99
2018-12-27,31,100
2018-12-28,31,98
2018-12-29,30,95
2018-12-30,31,95
2018-12-31,31,94
2019-01-01,37,85
2019-01-02,38,86
2019-01-03,43,96
2019-01-04,41,87
2019-01-05,40,81
2019-01-06,39,80
2019-01-07,39,80
2019-01-08,40,79
2019-01-09,41,79
2019-01-10,42,79
2019-01-11,40,80
2019-01-12,41,82
2019-01-13,41,83
2019-01-14,41,81
2019-01-15,39,73
2019-01-16,37,71
2019-01-17,37,69
2019-01-18,39,73
2019-01-19,40,80
2019-01-20,41,82
2019-01-21,41,82
2019-01-22,41,82
2019-01-23,39,80
2019-01-24,40,79
2019-01-25,42,77
2019-01-26,42,81
2019-01-27,41,79
2019-01-28,40,78
2019-01-29,41,83
2019-01-30,38,73
2019-01-31,35,72
2019-02-01,36,81
2019-02-02,36,81
2019-02-03,36,80
2019-02-04,35,81
2019-02-05,36,80
2019-02-06,36,82
2019-02-07,35,84
2019-02-08,34,88
2019-02-09,34,87
2019-02-10,34,86
2019-02-11,32,85
2019-02-12,32,81
2019-02-13,32,81
2019-02-14,33,82
2019-02-15,33,85
2019-02-16,33,82
2019-02-17,32,82
2019-02-18,34,84
2019-02-19,32,82
2019-02-20,33,82
2019-02-21,35,82
2019-02-22,37,80
2019-02-23,37,80
2019-02-24,37,80
2019-02-25,38,78
2019-02-26,39,80
2019-02-27,42,79
2019-02-28,42,80
2019-03-01,41,80
2019-03-02,41,77
2019-03-03,40,73
2019-03-04,37,73
2019-03-05,37,71
2019-03-06,38,72
2019-03-07,42,75
2019-03-08,42,76
2019-03-09,43,73
2019-03-10,39,73
2019-03-11,40,72
2019-03-12,45,69
2019-03-13,41,68
2019-03-14,44,67
2019-03-15,45,66
2019-03-16,43,62
2019-03-17,38,63
2019-03-18,35,60
2019-03-19,34,59
2019-03-20,34,56
2019-03-21,32,55
2019-03-22,36,63
2019-03-23,34,61
2019-03-24,33,61
2019-03-25,35,61
2019-03-26,34,62
2019-03-27,36,63
2019-03-28,34,62
2019-03-29,33,61
2019-03-30,32,57
2019-03-31,33,58
2019-04-01,35,59
2019-04-02,33,57
2019-04-03,35,58
2019-04-04,32,59
2019-04-05,32,58
2019-04-06,31,56
2019-04-07,32,59
2019-04-08,31,59
2019-04-09,33,62
2019-04-10,32,65
2019-04-11,32,65
2019-04-12,32,66
2019-04-13,32,66
2019-04-14,29,66
2019-04-15,29,68
2019-04-16,26,68
2019-04-17,26,66
2019-04-18,26,66
2019-04-19,25,64
2019-04-20,25,63
2019-04-21,26,63
2019-04-22,25,61
2019-04-23,24,59
2019-04-24,24,62
2019-04-25,25,61
2019-04-26,24,58
2019-04-27,25,60
2019-04-28,26,59
2019-04-29,25,60
2019-04-30,21,59
2019-05-01,24,56
2019-05-02,23,58
2019-05-03,23,54
2019-05-04,26,58
2019-05-05,27,59
2019-05-06,26,59
2019-05-07,25,59
2019-05-08,24,59
2019-05-09,25,62
2019-05-10,23,60
2019-05-11,25,67
2019-05-12,26,66
2019-05-13,26,67
2019-05-14,26,66
2019-05-15,25,65
2019-05-16,24,62
2019-05-17,25,65
2019-05-18,26,67
2019-05-19,26,67
2019-05-20,24,66
2019-05-21,25,65
2019-05-22,25,66
2019-05-23,26,70
2019-05-24,26,69
2019-05-25,26,68
2019-05-26,26,68
2019-05-27,27,68
2019-05-28,26,68
2019-05-29,26,70
2019-05-30,25,70
2019-05-31,26,74
2019-06-01,28,82
2019-06-02,28,82
2019-06-03,27,80
2019-06-04,26,77
2019-06-05,26,76
2019-06-06,25,75
2019-06-07,25,71
2019-06-08,24,67
2019-06-09,22,67
2019-06-10,22,68
2019-06-11,22,66
2019-06-12,23,68
2019-06-13,23,67
2019-06-14,22,67
2019-06-15,23,66
2019-06-16,23,67
2019-06-17,23,69
2019-06-18,21,66
2019-06-19,21,66
2019-06-20,20,65
2019-06-21,21,67
2019-06-22,21,67
2019-06-23,21,68
2019-06-24,20,66
2019-06-25,22,70
2019-06-26,22,68
2019-06-27,22,68
2019-06-28,22,69
2019-06-29,22,66
2019-06-30,21,67
2019-07-01,26,64
2019-07-02,27,65
2019-07-03,27,70
2019-07-04,27,70
2019-07-05,27,70
2019-07-06,26,68
2019-07-07,27,68
2019-07-08,27,70
2019-07-09,24,67
2019-07-10,24,65
2019-07-11,25,65
2019-07-12,24,64
2019-07-13,24,64
2019-07-14,24,63
2019-07-15,24,60
2019-07-16,24,60
2019-07-17,24,61
2019-07-18,23,66
2019-07-19,23,67
2019-07-20,24,68
2019-07-21,25,68
2019-07-22,26,68
2019-07-23,27,66
2019-07-24,27,66
2019-07-25,27,69
2019-07-26,29,72
2019-07-27,28,72
2019-07-28,28,72
2019-07-29,27,71
2019-07-30,26,70
2019-07-31,26,75
2019-08-01,27,75
2019-08-02,28,79
2019-08-03,30,84
2019-08-04,30,85
2019-08-05,30,87
2019-08-06,29,84
2019-08-07,29,82
2019-08-08,27,78
2019-08-09,28,80
2019-08-10,28,82
2019-08-11,28,79
2019-08-12,28,81
2019-08-13,26,77
2019-08-14,29,83
2019-08-15,28,82
2019-08-16,27,81
2019-08-17,27,78
2019-08-18,26,80
2019-08-19,25,78
2019-08-20,25,79
2019-08-21,25,77
2019-08-22,26,80
2019-08-23,28,86
2019-08-24,27,84
2019-08-25,26,82
2019-08-26,26,85
2019-08-27,28,87
2019-08-28,28,88
2019-08-29,27,86
2019-08-30,28,88
2019-08-31,28,87
2019-09-01,28,88
2019-09-02,27,87
2019-09-03,26,83
2019-09-04,26,81
2019-09-05,25,74
2019-09-06,25,74
2019-09-07,25,74
2019-09-08,25,75
2019-09-09,26,78
2019-09-10,26,77
2019-09-11,27,77
2019-09-12,26,74
2019-09-13,26,74
2019-09-14,27,77
2019-09-15,27,79
2019-09-16,28,78
2019-09-17,28,75
2019-09-18,26,71
2019-09-19,26,71
2019-09-20,27,75
2019-09-21,27,75
2019-09-22,27,79
2019-09-23,28,78
2019-09-24,29,82
2019-09-25,27,79
2019-09-26,28,84
2019-09-27,29,86
2019-09-28,28,83
2019-09-29,27,82
2019-09-30,27,82
2019-10-01,28,85
2019-10-02,29,85
2019-10-03,28,85
2019-10-04,28,84
2019-10-05,28,85
2019-10-06,29,84
2019-10-07,30,88
2019-10-08,31,91
2019-10-09,30,91
2019-10-10,30,95
2019-10-11,30,93
2019-10-12,30,93
2019-10-13,30,94
2019-10-14,30,91
2019-10-15,30,90
2019-10-16,31,89
2019-10-17,30,86
2019-10-18,31,90
2019-10-19,30,87
2019-10-20,29,86
2019-10-21,30,86
2019-10-22,29,85
2019-10-23,29,86
2019-10-24,29,85
2019-10-25,30,88
2019-10-26,30,87
2019-10-27,30,89
2019-10-28,32,88
2019-10-29,31,90
2019-10-30,31,83
2019-10-31,31,83
2019-11-01,30,80
2019-11-02,29,79
2019-11-03,30,81
2019-11-04,29,85
2019-11-05,29,87
2019-11-06,29,87
2019-11-07,30,84
2019-11-08,29,83
2019-11-09,30,86
2019-11-10,30,82
2019-11-11,30,85
2019-11-12,29,83
2019-11-13,30,87
2019-11-14,31,88
2019-11-15,32,90
2019-11-16,32,89
2019-11-17,32,89
2019-11-18,33,90
2019-11-19,33,90
2019-11-20,32,89
2019-11-21,32,89
2019-11-22,32,89
2019-11-23,31,86
2019-11-24,31,86
2019-11-25,30,86
2019-11-26,29,84
2019-11-27,29,83
2019-11-28,30,84
2019-11-29,29,84
2019-11-30,30,85
2019-12-01,29,84
2019-12-02,29,84
2019-12-03,28,83
2019-12-04,29,85
2019-12-05,30,87
2019-12-06,30,86
2019-12-07,31,88
2019-12-08,31,89
2019-12-09,31,88
2019-12-10,32,89
2019-12-11,31,87
2019-12-12,31,88
2019-12-13,31,88
2019-12-14,30,86
2019-12-15,31,88
2019-12-16,30,89
2019-12-17,31,88
2019-12-18,30,87
2019-12-19,30,86
2019-12-20,30,86
2019-12-21,30,87
2019-12-22,31,88
2019-12-23,31,87
2019-12-24,30,86
2019-12-25,27,79
2019-12-26,27,80
2019-12-27,27,80
2019-12-28,28,83
2019-12-29,28,83
2019-12-30,28,82
2019-12-31,28,80
2020-01-01,37,74
2020-01-02,39,76
2020-01-03,42,82
2020-01-04,41,80
2020-01-05,41,81
2020-01-06,41,79
2020-01-07,41,79
2020-01-08,42,82
2020-01-09,41,79
2020-01-10,42,81
2020-01-11,42,80
2020-01-12,42,80
2020-01-13,41,80
2020-01-14,42,82
2020-01-15,41,80
2020-01-16,40,78
2020-01-17,40,78
2020-01-18,39,76
2020-01-19,39,76
2020-01-20,40,80
2020-01-21,41,82
2020-01-22,42,83
2020-01-23,42,84
2020-01-24,44,87
2020-01-25,46,91
2020-01-26,46,92
2020-01-27,44,87
2020-01-28,43,85
2020-01-29,42,83
2020-01-30,39,78
2020-01-31,33,66
2020-02-01,33,66
2020-02-02,33,67
2020-02-03,33,66
2020-02-04,31,63
2020-02-05,32,64
2020-02-06,31,62
2020-02-07,30,60
2020-02-08,28,56
2020-02-09,27,55
2020-02-10,27,54
2020-02-11,26,52
2020-02-12,26,52
2020-02-13,26,52
2020-02-14,27,53
2020-02-15,26,52
2020-02-16,26,52
2020-02-17,25,51
2020-02-18,25,51
2020-02-19,23,48
2020-02-20,24,48
2020-02-21,27,53
2020-02-22,30,60
2020-02-23,30,60
2020-02-24,30,60
2020-02-25,31,61
2020-02-26,31,61
2020-02-27,36,72
2020-02-28,37,74
2020-02-29,34,68
2020-03-01,35,69
2020-03-02,35,67
2020-03-03,36,69
2020-03-04,34,64
2020-03-05,36,69
2020-03-06,37,69
2020-03-07,41,79
2020-03-08,41,79
2020-03-09,41,81
2020-03-10,37,72
2020-03-11,41,80
2020-03-12,48,95
2020-03-13,42,83
2020-03-14,47,93
2020-03-15,47,94
2020-03-16,47,94
2020-03-17,41,82
2020-03-18,38,74
2020-03-19,36,70
2020-03-20,38,75
2020-03-21,35,69
2020-03-22,36,70
2020-03-23,36,72
2020-03-24,35,67
2020-03-25,36,71
2020-03-26,33,65
2020-03-27,36,70
2020-03-28,32,62
2020-03-29,31,62
2020-03-30,31,61
2020-03-31,32,63
2020-04-01,34,68
2020-04-02,33,67
2020-04-03,34,68
2020-04-04,30,60
2020-04-05,30,61
2020-04-06,31,62
2020-04-07,31,63
2020-04-08,30,61
2020-04-09,30,61
2020-04-10,25,52
2020-04-11,25,52
2020-04-12,25,52
2020-04-13,26,54
2020-04-14,22,45
2020-04-15,23,47
2020-04-16,21,42
2020-04-17,22,43
2020-04-18,21,42
2020-04-19,21,42
2020-04-20,20,40
2020-04-21,23,45
2020-04-22,20,40
2020-04-23,19,38
2020-04-24,19,39
2020-04-25,20,41
2020-04-26,21,42
2020-04-27,21,43
2020-04-28,24,49
2020-04-29,21,44
2020-04-30,17,37
2020-05-01,23,46
2020-05-02,22,44
2020-05-03,23,46
2020-05-04,23,46
2020-05-05,24,46
2020-05-06,23,44
2020-05-07,22,43
2020-05-08,21,40
2020-05-09,22,40
2020-05-10,20,38
2020-05-11,20,38
2020-05-12,22,41
2020-05-13,22,41
2020-05-14,22,41
2020-05-15,22,41
2020-05-16,21,40
2020-05-17,21,40
2020-05-18,23,42
2020-05-19,22,41
2020-05-20,20,36
2020-05-21,21,38
2020-05-22,21,39
2020-05-23,22,40
2020-05-24,22,40
2020-05-25,21,39
2020-05-26,21,39
2020-05-27,22,40
2020-05-28,22,41
2020-05-29,21,38
2020-05-30,19,36
2020-05-31,19,36
2020-06-01,18,34
2020-06-02,18,34
2020-06-03,17,32
2020-06-04,18,34
2020-06-05,17,33
2020-06-06,16,31
2020-06-07,18,33
2020-06-08,18,34
2020-06-09,16,30
2020-06-10,14,28
2020-06-11,16,31
2020-06-12,16,33
2020-06-13,15,31
2020-06-14,15,31
2020-06-15,16,33
2020-06-16,14,29
2020-06-17,14,30
2020-06-18,13,28
2020-06-19,12,27
2020-06-20,12,25
2020-06-21,12,26
2020-06-22,13,27
2020-06-23,12,25
2020-06-24,12,25
2020-06-25,11,23
2020-06-26,13,26
2020-06-27,13,27
2020-06-28,13,27
2020-06-29,13,27
2020-06-30,11,23
2020-07-01,19,19
2020-07-02,21,21
2020-07-03,20,20
2020-07-04,20,20
2020-07-05,20,20
2020-07-06,20,20
2020-07-07,23,23
2020-07-08,21,21
2020-07-09,16,16
2020-07-10,16,16
2020-07-11,19,19
2020-07-12,19,19
2020-07-13,18,18
2020-07-14,19,19
2020-07-15,20,20
2020-07-16,19,19
2020-07-17,19,19
2020-07-18,11,11
2020-07-19,11,11
2020-07-20,11,11
2020-07-21,14,14
2020-07-22,17,17
2020-07-23,22,22
2020-07-24,22,22
2020-07-25,21,21
2020-07-26,21,21
2020-07-27,18,18
2020-07-28,20,20
2020-07-29,18,18
2020-07-30,9,9
2020-07-31,5,5
2020-08-01,7,7
2020-08-02,7,7
2020-08-03,8,8
2020-08-04,6,6
2020-08-05,5,5
2020-08-06,3,3
2020-08-07,5,5
2020-08-08,6,6
2020-08-09,6,6
2020-08-10,5,5
2020-08-11,6,6
2020-08-12,4,4
2020-08-13,4,4
2020-08-14,4,4
2020-08-15,3,3
2020-08-16,3,3
2020-08-17,1,1
2020-08-18,-3,-3
2020-08-19,-2,-2
2020-08-20,-2,-2
2020-08-21,0,0
2020-08-22,-1,-1
2020-08-23,-1,-1
2020-08-24,0,0
2020-08-25,-1,-1
2020-08-26,-3,-3
2020-08-27,-1,-1
2020-08-28,0,0
2020-08-29,0,0
2020-08-30,0,0
2020-08-31,0,0
2020-09-01,0,0
2020-09-02,-1,-1
2020-09-03,3,3
2020-09-04,6,6
2020-09-05,11,11
2020-09-06,11,11
2020-09-07,11,11
2020-09-08,11,11
2020-09-09,6,6
2020-09-10,9,9
2020-09-11,10,10
2020-09-12,11,11
2020-09-13,11,11
2020-09-14,11,11
2020-09-15,10,10
2020-09-16,13,13
2020-09-17,15,15
2020-09-18,13,13
2020-09-19,13,13
2020-09-20,13,13
2020-09-21,12,12
2020-09-22,8,8
2020-09-23,13,13
2020-09-24,13,13
2020-09-25,10,10
2020-09-26,7,7
2020-09-27,7,7
2020-09-28,4,4
2020-09-29,4,4
2020-09-30,4,4
2020-10-01,1,1
2020-10-02,2,2
2020-10-03,0,0
2020-10-04,0,0
2020-10-05,0,0
2020-10-06,5,5
2020-10-07,3,3
2020-10-08,3,3
2020-10-09,-1,-1
2020-10-10,-5,-5
2020-10-11,-5,-5
2020-10-12,-5,-5
2020-10-13,-4,-4
2020-10-14,-1,-1
2020-10-15,2,2
2020-10-16,5,5
2020-10-17,7,7
2020-10-18,7,7
2020-10-19,7,7
2020-10-20,6,6
2020-10-21,7,7
2020-10-22,5,5
2020-10-23,3,3
2020-10-24,3,3
2020-10-25,3,3
2020-10-26,5,5
2020-10-27,3,3
2020-10-28,8,8
2020-10-29,5,5
2020-10-30,9,9
2020-10-31,10,10
2020-11-01,10,10
2020-11-02,10,10
2020-11-03,11,11
2020-11-04,7,7
2020-11-05,5,5
2020-11-06,5,5
2020-11-07,10,10
2020-11-08,10,10
2020-11-09,13,13
2020-11-10,14,14
2020-11-11,10,10
2020-11-12,13,13
2020-11-13,13,13
2020-11-14,13,13
2020-11-15,13,13
2020-11-16,13,13
2020-11-17,13,13
2020-11-18,19,19
2020-11-19,17,17
2020-11-20,15,15
2020-11-21,15,15
2020-11-22,15,15
2020-11-23,15,15
2020-11-24,14,14
2020-11-25,10,10
2020-11-26,9,9
2020-11-27,11,11
2020-11-28,12,12
2020-11-29,12,12
2020-11-30,10,10
2020-12-01,6,6
2020-12-02,7,7
2020-12-03,6,6
2020-12-04,8,8
2020-12-05,8,8
2020-12-06,8,8
2020-12-07,11,11
2020-12-08,10,10
2020-12-09,12,12
2020-12-10,11,11
2020-12-11,8,8
2020-12-12,7,7
2020-12-13,7,7
2020-12-14,7,7
2020-12-15,9,9
2020-12-16,4,4
2020-12-17,5,5
2020-12-18,4,4
2020-12-19,4,4
2020-12-20,4,4
2020-12-21,6,6
2020-12-22,6,6
2020-12-23,7,7
2020-12-24,6,6
2020-12-25,3,3
2020-12-26,3,3
2020-12-27,3,3
2020-12-28,3,3
2020-12-29,1,1
2020-12-30,2,2
2020-12-31,2,2
2021-01-01,,
2021-01-02,,
2021-01-03,,
2021-01-04,,
2021-01-05,,
2021-01-06,,
2021-01-07,,
2021-01-08,,
2021-01-09,,
2021-01-10,,
2021-01-11,,
2021-01-12,,
2021-01-13,,
2021-01-14,,
2021-01-15,,
2021-01-16,,
2021-01-17,,
2021-01-18,,
2021-01-19,,
2021-01-20,,
2021-01-21,,
2021-01-22,,
2021-01-23,,
2021-01-24,,
2021-01-25,,
2021-01-26,,
2021-01-27,,
2021-01-28,,
2021-01-29,,
2021-01-30,,
2021-01-31,,
2021-02-01,,
2021-02-02,,
2021-02-03,,
2021-02-04,,
2021-02-05,,
2021-02-06,,
2021-02-07,,
2021-02-08,,
2021-02-09,,
2021-02-10,,
2021-02-11,,
2021-02-12,,
2021-02-13,,
2021-02-14,,
2021-02-15,,
2021-02-16,,
2021-02-17,,
2021-02-18,,
2021-02-19,,
2021-02-20,,
2021-02-21,,
2021-02-22,,
2021-02-23,,
2021-02-24,,
2021-02-25,,
2021-02-26,,
2021-02-27,,
2021-02-28,,
2021-03-01,,
2021-03-02,,
2021-03-03,,
2021-03-04,,
2021-03-05,,
2021-03-06,,
2021-03-07,,
2021-03-08,,
2021-03-09,,
2021-03-10,,
2021-03-11,,
2021-03-12,,
2021-03-13,,
2021-03-14,,
2021-03-15,,
2021-03-16,,
2021-03-17,,
2021-03-18,,
2021-03-19,,
2021-03-20,,
2021-03-21,,
2021-03-22,,
2021-03-23,,
2021-03-24,,
2021-03-25,,
2021-03-26,,
2021-03-27,,
2021-03-28,,
2021-03-29,,
2021-03-30,,
2021-03-31,,
2021-04-01,,
2021-04-02,,
2021-04-03,,
2021-04-04,,
2021-04-05,,
2021-04-06,,
2021-04-07,,
2021-04-08,,
2021-04-09,,
2021-04-10,,
2021-04-11,,
2021-04-12,,
2021-04-13,,
2021-04-14,,
2021-04-15,,
2021-04-16,,
2021-04-17,,
2021-04-18,,
2021-04-19,,
2021-04-20,,
2021-04-21,,
2021-04-22,,
2021-04-23,,
2021-04-24,,
2021-04-25,,
2021-04-26,,
2021-04-27,,
2021-04-28,,
2021-04-29,,
2021-04-30,,
2021-05-01,,
2021-05-02,,
2021-05-03,,
2021-05-04,,
2021-05-05,,
2021-05-06,,
2021-05-07,,
2021-05-08,,
2021-05-09,,
2021-05-10,,
2021-05-11,,
2021-05-12,,
2021-05-13,,
2021-05-14,,
2021-05-15,,
2021-05-16,,
2021-05-17,,
2021-05-18,,
2021-05-19,,
2021-05-20,,
2021-05-21,,
2021-05-22,,
2021-05-23,,
2021-05-24,,
2021-05-25,,
2021-05-26,,
2021-05-27,,
2021-05-28,,
2021-05-29,,
2021-05-30,,
2021-05-31,,
2021-06-01,,
2021-06-02,,
2021-06-03,,
2021-06-04,,
2021-06-05,,
2021-06-06,,
2021-06-07,,
2021-06-08,,
2021-06-09,,
2021-06-10,,
2021-06-11,,
2021-06-12,,
2021-06-13,,
2021-06-14,,
2021-06-15,,
2021-06-16,,
2021-06-17,,
2021-06-18,,
2021-06-19,,
2021-06-20,,
2021-06-21,,
2021-06-22,,
2021-06-23,,
2021-06-24,,
2021-06-25,,
2021-06-26,,
2021-06-27,,
2021-06-28,,
2021-06-29,,
2021-06-30,,
2021-07-01,,
2021-07-02,,
2021-07-03,,
